Date,Transaction Type,Description,Debit,Credit
2023-08-07,DEBIT,Grocery Store,50.0,0.0
2023-08-08,CREDIT,Salary,0.0,2000.0
2023-08-09,DEBIT,Rent Payment,1000.0,0.0
2023-08-10,DEBIT,Utilities,150.0,0.0
2023-08-11,DEBIT,Dining Out,75.5,0.0
2023-08-12,CREDIT,Freelance Work,0.0,500.0
2023-08-15,DEBIT,Utility Bill,213.24,0.0
2023-08-15,DEBIT,Tax Refund,293.53,0.0
2023-08-15,CREDIT,Rent Payment,0.0,1867.61
2023-08-16,CREDIT,Utility Bill,0.0,904.15
2023-08-16,DEBIT,Education Expense,150.64,0.0
2023-08-16,DEBIT,Utility Bill,450.41,0.0
2023-08-17,CREDIT,Gas Station,0.0,269.77
2023-08-17,CREDIT,Credit Card Payment,0.0,953.45
2023-08-17,DEBIT,Investment Income,17.09,0.0
2023-08-18,DEBIT,ATM Withdrawal,102.64,0.0
2023-08-18,DEBIT,Salary Deposit,488.07,0.0
2023-08-18,CREDIT,Utility Bill,0.0,1564.27
2023-08-19,DEBIT,Online Purchase,492.74,0.0
2023-08-19,CREDIT,Utility Bill,0.0,1312.94
2023-08-19,CREDIT,Utility Bill,0.0,722.93
2023-08-20,CREDIT,Interest Earned,0.0,355.41
2023-08-20,DEBIT,Entertainment,213.3,0.0
2023-08-20,CREDIT,Interest Earned,0.0,1042.15
2023-08-21,CREDIT,Medical Expense,0.0,1620.31
2023-08-21,CREDIT,Restaurant,0.0,1640.91
2023-08-21,CREDIT,Tax Refund,0.0,1057.46
2023-08-22,DEBIT,Credit Card Payment,447.92,0.0
2023-08-22,DEBIT,Travel Expense,380.96,0.0
2023-08-22,DEBIT,Interest Earned,203.73,0.0
2023-08-23,DEBIT,Investment Income,261.65,0.0
2023-08-23,DEBIT,Medical Expense,414.96,0.0
2023-08-23,CREDIT,Travel Expense,0.0,1878.78
2023-08-24,DEBIT,Education Expense,295.88,0.0
2023-08-24,DEBIT,Online Purchase,425.7,0.0
2023-08-24,DEBIT,Freelance Work,185.76,0.0
2023-08-25,CREDIT,Education Expense,0.0,862.66
2023-08-25,DEBIT,Online Purchase,155.39,0.0
2023-08-25,CREDIT,Tax Refund,0.0,1458.43
2023-08-26,DEBIT,Medical Expense,104.65,0.0
2023-08-26,CREDIT,Education Expense,0.0,688.14
2023-08-26,CREDIT,Shopping,0.0,1080.62
2023-08-27,CREDIT,Bank Fee,0.0,1883.88
2023-08-27,CREDIT,Credit Card Payment,0.0,787.14
2023-08-27,DEBIT,Investment Income,284.97,0.0
2023-08-28,DEBIT,Tax Refund,402.23,0.0
2023-08-28,DEBIT,Education Expense,318.1,0.0
2023-08-28,DEBIT,Freelance Work,221.6,0.0
2023-08-29,CREDIT,Salary Deposit,0.0,1134.31
2023-08-29,DEBIT,Grocery Store,48.7,0.0
2023-08-29,DEBIT,Salary Deposit,251.28,0.0
2023-08-30,CREDIT,Entertainment,0.0,1306.17
2023-08-30,CREDIT,Travel Expense,0.0,1119.78
2023-08-30,DEBIT,Online Purchase,49.36,0.0
2023-08-31,DEBIT,Travel Expense,20.76,0.0
2023-08-31,DEBIT,Shopping,64.33,0.0
2023-08-31,CREDIT,Bank Fee,0.0,1344.63
2023-09-01,DEBIT,Tax Refund,106.82,0.0
2023-09-01,CREDIT,Education Expense,0.0,235.04
2023-09-01,DEBIT,Bank Fee,312.51,0.0
2023-09-02,CREDIT,Rent Payment,0.0,420.95
2023-09-02,CREDIT,Restaurant,0.0,1234.15
2023-09-02,DEBIT,ATM Withdrawal,70.59,0.0
2023-09-03,CREDIT,ATM Withdrawal,0.0,1515.0
2023-09-03,CREDIT,Tax Refund,0.0,362.92
2023-09-03,CREDIT,Education Expense,0.0,1534.46
2023-09-04,CREDIT,Entertainment,0.0,1714.39
2023-09-04,DEBIT,Credit Card Payment,77.24,0.0
2023-09-04,CREDIT,Online Purchase,0.0,1267.11
2023-09-05,CREDIT,Salary Deposit,0.0,1168.81
2023-09-05,DEBIT,Travel Expense,135.64,0.0
2023-09-05,DEBIT,Grocery Store,392.14,0.0
2023-09-06,DEBIT,Medical Expense,364.31,0.0
2023-09-06,DEBIT,Utility Bill,144.17,0.0
2023-09-06,DEBIT,Shopping,36.95,0.0
2023-09-07,CREDIT,Gas Station,0.0,1160.28
2023-09-07,CREDIT,Entertainment,0.0,409.81
2023-09-07,CREDIT,Insurance Premium,0.0,1441.09
2023-09-08,DEBIT,Shopping,289.26,0.0
2023-09-08,DEBIT,Freelance Work,321.87,0.0
2023-09-08,DEBIT,Tax Refund,327.2,0.0
2023-09-09,DEBIT,Investment Income,418.37,0.0
2023-09-09,CREDIT,Grocery Store,0.0,234.81
2023-09-09,CREDIT,Freelance Work,0.0,486.66
2023-09-10,DEBIT,Gas Station,191.03,0.0
2023-09-10,DEBIT,Rent Payment,69.07,0.0
2023-09-10,CREDIT,Tax Refund,0.0,1306.6
2023-09-11,CREDIT,Freelance Work,0.0,1425.42
2023-09-11,CREDIT,Tax Refund,0.0,1281.46
2023-09-11,DEBIT,Restaurant,17.59,0.0
2023-09-12,DEBIT,Education Expense,246.71,0.0
2023-09-12,DEBIT,Freelance Work,277.37,0.0
2023-09-12,CREDIT,ATM Withdrawal,0.0,1650.61
2023-09-13,CREDIT,Travel Expense,0.0,625.67
2023-09-13,DEBIT,Bank Fee,89.58,0.0
2023-09-13,CREDIT,Investment Income,0.0,1770.87
2023-09-14,CREDIT,Medical Expense,0.0,712.19
2023-09-14,DEBIT,Gas Station,229.18,0.0
2023-09-14,CREDIT,Insurance Premium,0.0,290.95
2023-09-15,CREDIT,Grocery Store,0.0,1118.44
2023-09-15,CREDIT,Salary Deposit,0.0,690.09
2023-09-15,DEBIT,Gas Station,46.56,0.0
2023-09-16,CREDIT,Education Expense,0.0,1457.65
2023-09-16,CREDIT,Investment Income,0.0,965.17
2023-09-16,CREDIT,Insurance Premium,0.0,1714.81
2023-09-17,CREDIT,Restaurant,0.0,687.42
2023-09-17,CREDIT,Tax Refund,0.0,1894.52
2023-09-17,DEBIT,Investment Income,77.87,0.0
2023-09-18,DEBIT,Credit Card Payment,351.44,0.0
2023-09-18,CREDIT,Education Expense,0.0,997.5
2023-09-18,CREDIT,Bank Fee,0.0,424.66
2023-09-19,DEBIT,Online Purchase,134.92,0.0
2023-09-19,DEBIT,Grocery Store,468.7,0.0
2023-09-19,DEBIT,Shopping,421.71,0.0
2023-09-20,CREDIT,Salary Deposit,0.0,599.01
2023-09-20,DEBIT,Interest Earned,341.58,0.0
2023-09-20,CREDIT,Medical Expense,0.0,1570.97
2023-09-21,DEBIT,Salary Deposit,232.19,0.0
2023-09-21,DEBIT,Travel Expense,439.86,0.0
2023-09-21,CREDIT,Insurance Premium,0.0,1007.08
2023-09-22,CREDIT,Interest Earned,0.0,1258.78
2023-09-22,CREDIT,Travel Expense,0.0,1064.17
2023-09-22,CREDIT,Shopping,0.0,1152.74
2023-09-23,DEBIT,Online Purchase,30.02,0.0
2023-09-23,CREDIT,Interest Earned,0.0,321.36
2023-09-23,DEBIT,Utility Bill,200.28,0.0
2023-09-24,CREDIT,Gas Station,0.0,1728.96
2023-09-24,CREDIT,Grocery Store,0.0,1949.24
2023-09-24,DEBIT,Restaurant,101.04,0.0
2023-09-25,CREDIT,Utility Bill,0.0,1705.23
2023-09-25,DEBIT,Entertainment,478.98,0.0
2023-09-25,CREDIT,Utility Bill,0.0,1869.01
2023-09-26,DEBIT,Restaurant,403.19,0.0
2023-09-26,CREDIT,Online Purchase,0.0,73.73
2023-09-26,DEBIT,Education Expense,464.29,0.0
2023-09-27,DEBIT,Entertainment,34.26,0.0
2023-09-27,DEBIT,Online Purchase,278.17,0.0
2023-09-27,CREDIT,Entertainment,0.0,450.68
2023-09-28,DEBIT,Interest Earned,451.37,0.0
2023-09-28,DEBIT,Tax Refund,76.53,0.0
2023-09-28,CREDIT,Entertainment,0.0,1384.03
2023-09-29,DEBIT,Medical Expense,482.4,0.0
2023-09-29,CREDIT,Salary Deposit,0.0,1074.81
2023-09-29,CREDIT,Freelance Work,0.0,1813.13
2023-09-30,CREDIT,Tax Refund,0.0,1898.79
2023-09-30,DEBIT,ATM Withdrawal,144.85,0.0
2023-09-30,CREDIT,Restaurant,0.0,118.29
2023-10-01,CREDIT,Salary Deposit,0.0,348.57
2023-10-01,CREDIT,Investment Income,0.0,1467.49
2023-10-01,CREDIT,Gas Station,0.0,795.34
2023-10-02,CREDIT,Shopping,0.0,284.44
2023-10-02,DEBIT,Bank Fee,356.9,0.0
2023-10-02,DEBIT,Grocery Store,108.5,0.0
2023-10-03,CREDIT,Grocery Store,0.0,138.18
2023-10-03,CREDIT,Entertainment,0.0,767.87
2023-10-03,CREDIT,Tax Refund,0.0,1535.23
2023-10-04,DEBIT,Rent Payment,479.08,0.0
2023-10-04,DEBIT,Entertainment,325.48,0.0
2023-10-04,CREDIT,Rent Payment,0.0,1552.47
2023-10-05,DEBIT,Shopping,83.52,0.0
2023-10-05,CREDIT,Entertainment,0.0,1178.04
2023-10-05,CREDIT,Credit Card Payment,0.0,1777.7
2023-10-06,CREDIT,Travel Expense,0.0,1383.36
2023-10-06,DEBIT,Grocery Store,213.98,0.0
2023-10-06,CREDIT,Credit Card Payment,0.0,1188.52
2023-10-07,DEBIT,Freelance Work,309.61,0.0
2023-10-07,CREDIT,Bank Fee,0.0,1127.86
2023-10-07,DEBIT,Insurance Premium,310.22,0.0
2023-10-08,CREDIT,Shopping,0.0,278.39
2023-10-08,CREDIT,ATM Withdrawal,0.0,554.56
2023-10-08,DEBIT,Credit Card Payment,456.88,0.0
2023-10-09,CREDIT,Shopping,0.0,1493.33
2023-10-09,DEBIT,Rent Payment,152.53,0.0
2023-10-09,CREDIT,Gas Station,0.0,745.74
2023-10-10,DEBIT,Gas Station,298.48,0.0
2023-10-10,DEBIT,Travel Expense,142.2,0.0
2023-10-10,CREDIT,Credit Card Payment,0.0,980.68
2023-10-11,CREDIT,Online Purchase,0.0,828.85
2023-10-11,DEBIT,Salary Deposit,249.94,0.0
2023-10-11,DEBIT,Travel Expense,224.92,0.0
2023-10-12,CREDIT,ATM Withdrawal,0.0,898.09
2023-10-12,DEBIT,Credit Card Payment,158.92,0.0
2023-10-12,CREDIT,Rent Payment,0.0,1189.66
2023-10-13,DEBIT,Online Purchase,303.84,0.0
2023-10-13,CREDIT,Online Purchase,0.0,928.63
2023-10-13,CREDIT,Freelance Work,0.0,1722.07
2023-10-14,DEBIT,Travel Expense,451.34,0.0
2023-10-14,CREDIT,Tax Refund,0.0,21.22
2023-10-14,DEBIT,Travel Expense,417.39,0.0
2023-10-15,CREDIT,Online Purchase,0.0,915.41
2023-10-15,DEBIT,Rent Payment,176.75,0.0
2023-10-15,CREDIT,Interest Earned,0.0,1398.83
2023-10-16,DEBIT,Travel Expense,397.46,0.0
2023-10-16,CREDIT,Medical Expense,0.0,833.27
2023-10-16,CREDIT,Credit Card Payment,0.0,638.39
2023-10-17,DEBIT,Interest Earned,333.93,0.0
2023-10-17,CREDIT,Gas Station,0.0,1731.61
2023-10-17,CREDIT,Insurance Premium,0.0,1609.52
2023-10-18,DEBIT,Education Expense,55.71,0.0
2023-10-18,DEBIT,ATM Withdrawal,429.07,0.0
2023-10-18,DEBIT,Entertainment,266.49,0.0
2023-10-19,CREDIT,Shopping,0.0,853.14
2023-10-19,CREDIT,Freelance Work,0.0,1839.5
2023-10-19,CREDIT,Gas Station,0.0,98.75
2023-10-20,CREDIT,Rent Payment,0.0,58.94
2023-10-20,DEBIT,Education Expense,67.82,0.0
2023-10-20,DEBIT,Credit Card Payment,288.72,0.0
2023-10-21,CREDIT,Investment Income,0.0,1657.29
2023-10-21,CREDIT,Rent Payment,0.0,345.32
2023-10-21,CREDIT,Shopping,0.0,526.72
2023-10-22,DEBIT,Freelance Work,195.85,0.0
2023-10-22,CREDIT,Restaurant,0.0,806.69
2023-10-22,DEBIT,Medical Expense,373.09,0.0
2023-10-23,DEBIT,ATM Withdrawal,419.5,0.0
2023-10-23,CREDIT,Grocery Store,0.0,1524.08
2023-10-23,CREDIT,Credit Card Payment,0.0,1223.29
2023-10-24,DEBIT,Education Expense,305.09,0.0
2023-10-24,DEBIT,Credit Card Payment,401.85,0.0
2023-10-24,DEBIT,Bank Fee,128.65,0.0
2023-10-25,CREDIT,Credit Card Payment,0.0,496.91
2023-10-25,DEBIT,Shopping,315.08,0.0
2023-10-25,CREDIT,Utility Bill,0.0,152.82
2023-10-26,DEBIT,Tax Refund,315.77,0.0
2023-10-26,DEBIT,Medical Expense,37.81,0.0
2023-10-26,DEBIT,Rent Payment,196.07,0.0
2023-10-27,DEBIT,Entertainment,28.89,0.0
2023-10-27,DEBIT,Credit Card Payment,333.57,0.0
2023-10-27,DEBIT,Tax Refund,85.31,0.0
2023-10-28,DEBIT,Insurance Premium,227.62,0.0
2023-10-28,CREDIT,ATM Withdrawal,0.0,1701.2
2023-10-28,CREDIT,Credit Card Payment,0.0,950.08
2023-10-29,DEBIT,Shopping,265.84,0.0
2023-10-29,CREDIT,Education Expense,0.0,1518.8
2023-10-29,DEBIT,Grocery Store,289.2,0.0
2023-10-30,DEBIT,Online Purchase,266.84,0.0
2023-10-30,CREDIT,Online Purchase,0.0,333.24
2023-10-30,CREDIT,Utility Bill,0.0,1032.67
2023-10-31,CREDIT,Investment Income,0.0,1681.45
2023-10-31,CREDIT,Utility Bill,0.0,1760.4
2023-10-31,DEBIT,Restaurant,50.9,0.0
2023-11-01,CREDIT,Salary Deposit,0.0,1709.96
2023-11-01,DEBIT,Insurance Premium,197.22,0.0
2023-11-01,CREDIT,Credit Card Payment,0.0,699.83
2023-11-02,DEBIT,Credit Card Payment,97.15,0.0
2023-11-02,DEBIT,Credit Card Payment,371.88,0.0
2023-11-02,DEBIT,Restaurant,336.68,0.0
2023-11-03,CREDIT,Entertainment,0.0,1734.53
2023-11-03,CREDIT,Utility Bill,0.0,1019.65
2023-11-03,CREDIT,Medical Expense,0.0,511.59
2023-11-04,DEBIT,Interest Earned,222.43,0.0
2023-11-04,CREDIT,Credit Card Payment,0.0,231.76
2023-11-04,CREDIT,Shopping,0.0,692.91
2023-11-05,CREDIT,Shopping,0.0,1259.8
2023-11-05,CREDIT,Online Purchase,0.0,864.61
2023-11-05,CREDIT,Salary Deposit,0.0,245.79
2023-11-06,CREDIT,Tax Refund,0.0,1037.05
2023-11-06,DEBIT,Bank Fee,275.45,0.0
2023-11-06,CREDIT,Grocery Store,0.0,717.59
2023-11-07,DEBIT,Travel Expense,375.55,0.0
2023-11-07,CREDIT,Shopping,0.0,1706.98
2023-11-07,CREDIT,ATM Withdrawal,0.0,582.98
2023-11-08,DEBIT,ATM Withdrawal,363.3,0.0
2023-11-08,CREDIT,Grocery Store,0.0,845.13
2023-11-08,DEBIT,Education Expense,301.2,0.0
2023-11-09,CREDIT,Investment Income,0.0,956.29
2023-11-09,DEBIT,Investment Income,109.82,0.0
2023-11-09,CREDIT,Salary Deposit,0.0,894.87
2023-11-10,DEBIT,Online Purchase,473.44,0.0
2023-11-10,CREDIT,Gas Station,0.0,908.15
2023-11-10,CREDIT,Insurance Premium,0.0,409.93
2023-11-11,CREDIT,Freelance Work,0.0,1436.15
2023-11-11,CREDIT,Travel Expense,0.0,1575.92
2023-11-11,CREDIT,Grocery Store,0.0,44.2
2023-11-12,CREDIT,Tax Refund,0.0,1681.04
2023-11-12,DEBIT,Shopping,121.2,0.0
2023-11-12,CREDIT,Salary Deposit,0.0,1636.3
2023-11-13,DEBIT,Bank Fee,292.77,0.0
2023-11-13,DEBIT,Grocery Store,480.91,0.0
2023-11-13,CREDIT,Shopping,0.0,1264.58
2023-11-14,DEBIT,Gas Station,98.26,0.0
2023-11-14,DEBIT,Insurance Premium,446.24,0.0
2023-11-14,DEBIT,Credit Card Payment,142.26,0.0
2023-11-15,DEBIT,Travel Expense,205.44,0.0
2023-11-15,CREDIT,Medical Expense,0.0,800.12
2023-11-15,DEBIT,Salary Deposit,200.13,0.0
2023-11-16,CREDIT,Investment Income,0.0,1198.56
2023-11-16,DEBIT,Medical Expense,52.21,0.0
2023-11-16,DEBIT,Freelance Work,107.18,0.0
2023-11-17,DEBIT,Medical Expense,410.48,0.0
2023-11-17,CREDIT,Investment Income,0.0,1172.82
2023-11-17,CREDIT,Gas Station,0.0,683.62
2023-11-18,CREDIT,Rent Payment,0.0,601.53
2023-11-18,CREDIT,Insurance Premium,0.0,1344.76
2023-11-18,CREDIT,Rent Payment,0.0,1410.86
2023-11-19,DEBIT,Interest Earned,219.39,0.0
2023-11-19,DEBIT,Restaurant,380.64,0.0
2023-11-19,DEBIT,Credit Card Payment,219.45,0.0
2023-11-20,DEBIT,Bank Fee,351.21,0.0
2023-11-20,CREDIT,Shopping,0.0,166.33
2023-11-20,DEBIT,Utility Bill,203.87,0.0
2023-11-21,CREDIT,ATM Withdrawal,0.0,1254.76
2023-11-21,DEBIT,Salary Deposit,109.1,0.0
2023-11-21,DEBIT,Rent Payment,356.24,0.0
2023-11-22,CREDIT,ATM Withdrawal,0.0,865.4
2023-11-22,CREDIT,Interest Earned,0.0,1359.65
2023-11-22,CREDIT,Freelance Work,0.0,229.17
2023-11-23,DEBIT,Travel Expense,353.16,0.0
2023-11-23,CREDIT,Education Expense,0.0,1012.86
2023-11-23,DEBIT,Salary Deposit,206.53,0.0
2023-11-24,CREDIT,Freelance Work,0.0,1693.93
2023-11-24,CREDIT,Tax Refund,0.0,626.71
2023-11-24,DEBIT,ATM Withdrawal,129.89,0.0
2023-11-25,DEBIT,Entertainment,32.3,0.0
2023-11-25,DEBIT,Utility Bill,103.84,0.0
2023-11-25,CREDIT,Tax Refund,0.0,1587.07
2023-11-26,CREDIT,Shopping,0.0,878.21
2023-11-26,DEBIT,Rent Payment,138.27,0.0
2023-11-26,CREDIT,Entertainment,0.0,602.11
2023-11-27,CREDIT,Gas Station,0.0,343.91
2023-11-27,DEBIT,ATM Withdrawal,467.73,0.0
2023-11-27,DEBIT,Bank Fee,476.09,0.0
2023-11-28,DEBIT,Entertainment,442.35,0.0
2023-11-28,CREDIT,Travel Expense,0.0,614.01
2023-11-28,CREDIT,Insurance Premium,0.0,489.07
2023-11-29,DEBIT,Restaurant,236.97,0.0
2023-11-29,CREDIT,Interest Earned,0.0,934.7
2023-11-29,CREDIT,Entertainment,0.0,1770.29
2023-11-30,CREDIT,Education Expense,0.0,1750.79
2023-11-30,CREDIT,Salary Deposit,0.0,1128.83
2023-11-30,CREDIT,Freelance Work,0.0,141.76
2023-12-01,CREDIT,Online Purchase,0.0,904.64
2023-12-01,CREDIT,Interest Earned,0.0,1847.96
2023-12-01,DEBIT,Tax Refund,111.16,0.0
2023-12-02,CREDIT,Grocery Store,0.0,1821.29
2023-12-02,DEBIT,Interest Earned,236.82,0.0
2023-12-02,DEBIT,Restaurant,82.74,0.0
2023-12-03,DEBIT,Salary Deposit,13.07,0.0
2023-12-03,DEBIT,Interest Earned,289.5,0.0
2023-12-03,DEBIT,Travel Expense,375.8,0.0
2023-12-04,CREDIT,Utility Bill,0.0,292.37
2023-12-04,DEBIT,Grocery Store,388.85,0.0
2023-12-04,CREDIT,Medical Expense,0.0,1584.2
2023-12-05,CREDIT,Rent Payment,0.0,439.33
2023-12-05,CREDIT,Utility Bill,0.0,496.72
2023-12-05,CREDIT,Tax Refund,0.0,1753.29
2023-12-06,CREDIT,Freelance Work,0.0,518.67
2023-12-06,CREDIT,ATM Withdrawal,0.0,1638.21
2023-12-06,DEBIT,Restaurant,160.99,0.0
2023-12-07,CREDIT,Freelance Work,0.0,1658.2
2023-12-07,DEBIT,Online Purchase,193.01,0.0
2023-12-07,DEBIT,Rent Payment,258.88,0.0
2023-12-08,CREDIT,Online Purchase,0.0,1536.76
2023-12-08,CREDIT,Shopping,0.0,1696.61
2023-12-08,CREDIT,Travel Expense,0.0,570.53
2023-12-09,DEBIT,Insurance Premium,265.47,0.0
2023-12-09,CREDIT,Credit Card Payment,0.0,1311.59
2023-12-09,DEBIT,Grocery Store,425.93,0.0
2023-12-10,DEBIT,Online Purchase,364.07,0.0
2023-12-10,DEBIT,Education Expense,348.44,0.0
2023-12-10,DEBIT,Entertainment,172.93,0.0
2023-12-11,CREDIT,ATM Withdrawal,0.0,1653.47
2023-12-11,CREDIT,Insurance Premium,0.0,538.96
2023-12-11,CREDIT,Rent Payment,0.0,619.14
2023-12-12,DEBIT,Travel Expense,413.73,0.0
2023-12-12,DEBIT,Restaurant,399.95,0.0
2023-12-12,CREDIT,Education Expense,0.0,1604.97
2023-12-13,DEBIT,Bank Fee,174.93,0.0
2023-12-13,CREDIT,Tax Refund,0.0,858.81
2023-12-13,DEBIT,Bank Fee,178.21,0.0
2023-12-14,DEBIT,Shopping,429.38,0.0
2023-12-14,CREDIT,Credit Card Payment,0.0,115.74
2023-12-14,CREDIT,Tax Refund,0.0,433.78
2023-12-15,DEBIT,Bank Fee,190.95,0.0
2023-12-15,CREDIT,Investment Income,0.0,153.12
2023-12-15,CREDIT,ATM Withdrawal,0.0,541.91
2023-12-16,DEBIT,Utility Bill,74.43,0.0
2023-12-16,CREDIT,Freelance Work,0.0,1940.56
2023-12-16,DEBIT,Gas Station,337.36,0.0
2023-12-17,DEBIT,Grocery Store,162.93,0.0
2023-12-17,DEBIT,Restaurant,425.46,0.0
2023-12-17,DEBIT,Insurance Premium,104.95,0.0
2023-12-18,DEBIT,Salary Deposit,40.64,0.0
2023-12-18,CREDIT,Investment Income,0.0,275.36
2023-12-18,CREDIT,Grocery Store,0.0,1158.35
2023-12-19,DEBIT,Restaurant,333.11,0.0
2023-12-19,CREDIT,Bank Fee,0.0,1485.98
2023-12-19,CREDIT,Gas Station,0.0,1063.32
2023-12-20,CREDIT,Credit Card Payment,0.0,809.0
2023-12-20,CREDIT,Credit Card Payment,0.0,533.95
2023-12-20,CREDIT,Bank Fee,0.0,482.08
2023-12-21,CREDIT,Investment Income,0.0,1267.59
2023-12-21,CREDIT,Education Expense,0.0,228.49
2023-12-21,CREDIT,Restaurant,0.0,1309.8
2023-12-22,CREDIT,Freelance Work,0.0,1441.97
2023-12-22,CREDIT,Insurance Premium,0.0,507.41
2023-12-22,CREDIT,Investment Income,0.0,1967.54
2023-12-23,CREDIT,Interest Earned,0.0,1278.0
2023-12-23,DEBIT,Freelance Work,399.76,0.0
2023-12-23,DEBIT,ATM Withdrawal,203.74,0.0
2023-12-24,DEBIT,Investment Income,279.5,0.0
2023-12-24,CREDIT,Insurance Premium,0.0,906.96
2023-12-24,DEBIT,Insurance Premium,97.86,0.0
2023-12-25,CREDIT,Utility Bill,0.0,1292.42
2023-12-25,DEBIT,Investment Income,249.03,0.0
2023-12-25,CREDIT,Investment Income,0.0,712.92
2023-12-26,DEBIT,Utility Bill,173.11,0.0
2023-12-26,CREDIT,Tax Refund,0.0,1746.88
2023-12-26,DEBIT,Online Purchase,314.82,0.0
2023-12-27,CREDIT,Entertainment,0.0,1590.76
2023-12-27,CREDIT,Medical Expense,0.0,1394.34
2023-12-27,DEBIT,Investment Income,218.06,0.0
2023-12-28,CREDIT,ATM Withdrawal,0.0,659.19
2023-12-28,CREDIT,Rent Payment,0.0,1954.43
2023-12-28,CREDIT,Education Expense,0.0,1999.19
2023-12-29,DEBIT,Online Purchase,42.73,0.0
2023-12-29,CREDIT,Education Expense,0.0,1799.08
2023-12-29,DEBIT,Tax Refund,64.86,0.0
2023-12-30,CREDIT,Salary Deposit,0.0,1796.75
2023-12-30,DEBIT,Freelance Work,161.94,0.0
2023-12-30,DEBIT,Tax Refund,144.28,0.0
2023-12-31,CREDIT,Restaurant,0.0,52.04
2023-12-31,DEBIT,Salary Deposit,492.9,0.0
2023-12-31,CREDIT,Restaurant,0.0,1959.11
2024-01-01,DEBIT,Restaurant,263.46,0.0
2024-01-01,CREDIT,Entertainment,0.0,1957.7
2024-01-01,DEBIT,Grocery Store,443.29,0.0
2024-01-02,DEBIT,Salary Deposit,43.96,0.0
2024-01-02,CREDIT,Rent Payment,0.0,271.92
2024-01-02,CREDIT,Travel Expense,0.0,68.3
2024-01-03,DEBIT,ATM Withdrawal,299.91,0.0
2024-01-03,CREDIT,Entertainment,0.0,920.63
2024-01-03,DEBIT,Medical Expense,320.82,0.0
2024-01-04,DEBIT,Online Purchase,165.52,0.0
2024-01-04,DEBIT,Tax Refund,34.42,0.0
2024-01-04,CREDIT,Restaurant,0.0,417.59
2024-01-05,DEBIT,Gas Station,273.61,0.0
2024-01-05,CREDIT,Bank Fee,0.0,239.15
2024-01-05,DEBIT,Medical Expense,188.02,0.0
2024-01-06,DEBIT,Shopping,494.92,0.0
2024-01-06,DEBIT,Utility Bill,24.94,0.0
2024-01-06,CREDIT,Investment Income,0.0,188.79
2024-01-07,CREDIT,Bank Fee,0.0,1487.48
2024-01-07,CREDIT,Rent Payment,0.0,195.71
2024-01-07,DEBIT,Investment Income,304.37,0.0
2024-01-08,DEBIT,Shopping,283.91,0.0
2024-01-08,CREDIT,Entertainment,0.0,925.2
2024-01-08,CREDIT,Rent Payment,0.0,1699.27
2024-01-09,CREDIT,Credit Card Payment,0.0,519.74
2024-01-09,CREDIT,ATM Withdrawal,0.0,1097.08
2024-01-09,DEBIT,Salary Deposit,33.57,0.0
2024-01-10,CREDIT,Grocery Store,0.0,1280.59
2024-01-10,DEBIT,Utility Bill,55.84,0.0
2024-01-10,CREDIT,Medical Expense,0.0,389.75
2024-01-11,DEBIT,Freelance Work,52.57,0.0
2024-01-11,DEBIT,ATM Withdrawal,171.67,0.0
2024-01-11,CREDIT,Investment Income,0.0,1989.28
2024-01-12,DEBIT,Interest Earned,455.73,0.0
2024-01-12,CREDIT,Bank Fee,0.0,517.41
2024-01-12,DEBIT,Entertainment,72.76,0.0
2024-01-13,DEBIT,Shopping,231.39,0.0
2024-01-13,CREDIT,Online Purchase,0.0,1832.92
2024-01-13,DEBIT,Medical Expense,475.09,0.0
2024-01-14,CREDIT,Education Expense,0.0,226.26
2024-01-14,CREDIT,Medical Expense,0.0,186.71
2024-01-14,CREDIT,Insurance Premium,0.0,1142.45
2024-01-15,CREDIT,Gas Station,0.0,1375.91
2024-01-15,CREDIT,Salary Deposit,0.0,1907.53
2024-01-15,CREDIT,Shopping,0.0,68.34
2024-01-16,DEBIT,Bank Fee,324.3,0.0
2024-01-16,DEBIT,Freelance Work,14.08,0.0
2024-01-16,CREDIT,Entertainment,0.0,560.1
2024-01-17,CREDIT,Education Expense,0.0,1093.06
2024-01-17,CREDIT,Rent Payment,0.0,1409.03
2024-01-17,CREDIT,Utility Bill,0.0,1329.28
2024-01-18,DEBIT,Investment Income,52.15,0.0
2024-01-18,CREDIT,Travel Expense,0.0,1445.04
2024-01-18,CREDIT,Education Expense,0.0,523.82
2024-01-19,CREDIT,Education Expense,0.0,1821.32
2024-01-19,CREDIT,Utility Bill,0.0,715.71
2024-01-19,CREDIT,ATM Withdrawal,0.0,1770.83
2024-01-20,DEBIT,Restaurant,170.64,0.0
2024-01-20,CREDIT,Rent Payment,0.0,940.1
2024-01-20,CREDIT,Credit Card Payment,0.0,341.11
2024-01-21,CREDIT,Utility Bill,0.0,584.3
2024-01-21,DEBIT,Interest Earned,375.96,0.0
2024-01-21,DEBIT,Online Purchase,377.84,0.0
2024-01-22,DEBIT,Travel Expense,476.73,0.0
2024-01-22,DEBIT,Utility Bill,234.72,0.0
2024-01-22,DEBIT,Entertainment,362.53,0.0
2024-01-23,CREDIT,Restaurant,0.0,386.28
2024-01-23,DEBIT,Insurance Premium,168.53,0.0
2024-01-23,DEBIT,Travel Expense,450.9,0.0
2024-01-24,DEBIT,Utility Bill,124.6,0.0
2024-01-24,DEBIT,Restaurant,378.86,0.0
2024-01-24,CREDIT,Bank Fee,0.0,662.24
2024-01-25,CREDIT,ATM Withdrawal,0.0,555.83
2024-01-25,DEBIT,Investment Income,285.7,0.0
2024-01-25,CREDIT,Education Expense,0.0,223.62
2024-01-26,DEBIT,Entertainment,190.0,0.0
2024-01-26,DEBIT,Interest Earned,464.15,0.0
2024-01-26,DEBIT,Online Purchase,405.67,0.0
2024-01-27,DEBIT,Freelance Work,288.94,0.0
2024-01-27,CREDIT,Investment Income,0.0,537.36
2024-01-27,DEBIT,Restaurant,406.67,0.0
2024-01-28,DEBIT,Rent Payment,256.3,0.0
2024-01-28,CREDIT,Interest Earned,0.0,653.01
2024-01-28,DEBIT,Insurance Premium,295.07,0.0
2024-01-29,DEBIT,Investment Income,495.74,0.0
2024-01-29,DEBIT,Bank Fee,468.07,0.0
2024-01-29,DEBIT,Tax Refund,91.35,0.0
2024-01-30,CREDIT,Bank Fee,0.0,1330.55
2024-01-30,DEBIT,ATM Withdrawal,302.01,0.0
2024-01-30,DEBIT,Tax Refund,279.82,0.0
2024-01-31,DEBIT,Credit Card Payment,371.13,0.0
2024-01-31,DEBIT,Tax Refund,152.43,0.0
2024-01-31,DEBIT,Insurance Premium,411.82,0.0
2024-02-01,DEBIT,Credit Card Payment,463.43,0.0
2024-02-01,DEBIT,Tax Refund,79.29,0.0
2024-02-01,CREDIT,Freelance Work,0.0,1242.58
2024-02-02,CREDIT,Bank Fee,0.0,1369.56
2024-02-02,DEBIT,Bank Fee,23.8,0.0
2024-02-02,CREDIT,Interest Earned,0.0,173.86
2024-02-03,DEBIT,Interest Earned,224.07,0.0
2024-02-03,DEBIT,Education Expense,357.45,0.0
2024-02-03,CREDIT,Salary Deposit,0.0,45.05
2024-02-04,CREDIT,Restaurant,0.0,1611.14
2024-02-04,CREDIT,Freelance Work,0.0,629.75
2024-02-04,DEBIT,Credit Card Payment,462.8,0.0
2024-02-05,DEBIT,Freelance Work,26.73,0.0
2024-02-05,DEBIT,Tax Refund,197.32,0.0
2024-02-05,CREDIT,Credit Card Payment,0.0,1788.87
2024-02-06,DEBIT,Investment Income,355.09,0.0
2024-02-06,DEBIT,Salary Deposit,278.88,0.0
2024-02-06,CREDIT,Grocery Store,0.0,1220.98
2024-02-07,CREDIT,Freelance Work,0.0,231.76
2024-02-07,CREDIT,Restaurant,0.0,1911.83
2024-02-07,DEBIT,Utility Bill,499.76,0.0
2024-02-08,DEBIT,Rent Payment,448.61,0.0
2024-02-08,DEBIT,Credit Card Payment,137.04,0.0
2024-02-08,DEBIT,Medical Expense,207.37,0.0
2024-02-09,DEBIT,Salary Deposit,400.45,0.0
2024-02-09,CREDIT,Restaurant,0.0,843.39
2024-02-09,DEBIT,Rent Payment,493.65,0.0
2024-02-10,DEBIT,Rent Payment,69.26,0.0
2024-02-10,DEBIT,Tax Refund,206.61,0.0
2024-02-10,CREDIT,Utility Bill,0.0,1662.21
2024-02-11,DEBIT,Grocery Store,189.97,0.0
2024-02-11,DEBIT,Bank Fee,499.01,0.0
2024-02-11,DEBIT,Medical Expense,406.34,0.0
2024-02-12,CREDIT,Interest Earned,0.0,1490.57
2024-02-12,CREDIT,Utility Bill,0.0,1412.73
2024-02-12,DEBIT,ATM Withdrawal,179.4,0.0
2024-02-13,CREDIT,Salary Deposit,0.0,807.52
2024-02-13,DEBIT,Credit Card Payment,261.4,0.0
2024-02-13,CREDIT,Medical Expense,0.0,1476.38
2024-02-14,DEBIT,Education Expense,371.95,0.0
2024-02-14,DEBIT,Gas Station,488.53,0.0
2024-02-14,CREDIT,Medical Expense,0.0,754.75
2024-02-15,CREDIT,Shopping,0.0,1261.77
2024-02-15,CREDIT,Online Purchase,0.0,1836.28
2024-02-15,DEBIT,Online Purchase,403.22,0.0
2024-02-16,CREDIT,Shopping,0.0,903.69
2024-02-16,DEBIT,ATM Withdrawal,133.87,0.0
2024-02-16,CREDIT,Gas Station,0.0,1200.19
2024-02-17,CREDIT,Interest Earned,0.0,358.3
2024-02-17,DEBIT,Grocery Store,191.24,0.0
2024-02-17,DEBIT,Shopping,31.8,0.0
2024-02-18,DEBIT,Restaurant,249.58,0.0
2024-02-18,DEBIT,Entertainment,100.41,0.0
2024-02-18,DEBIT,Online Purchase,214.43,0.0
2024-02-19,CREDIT,Credit Card Payment,0.0,617.62
2024-02-19,CREDIT,Medical Expense,0.0,425.91
2024-02-19,CREDIT,Education Expense,0.0,369.26
2024-02-20,CREDIT,Utility Bill,0.0,1638.4
2024-02-20,DEBIT,Restaurant,435.03,0.0
2024-02-20,CREDIT,Entertainment,0.0,1403.51
2024-02-21,CREDIT,Tax Refund,0.0,651.42
2024-02-21,CREDIT,Investment Income,0.0,1491.82
2024-02-21,DEBIT,ATM Withdrawal,348.05,0.0
2024-02-22,CREDIT,Salary Deposit,0.0,844.86
2024-02-22,DEBIT,Entertainment,135.44,0.0
2024-02-22,CREDIT,ATM Withdrawal,0.0,230.71
2024-02-23,CREDIT,Investment Income,0.0,1638.7
2024-02-23,DEBIT,Online Purchase,149.1,0.0
2024-02-23,CREDIT,Restaurant,0.0,356.28
2024-02-24,CREDIT,Bank Fee,0.0,389.22
2024-02-24,CREDIT,Education Expense,0.0,1398.81
2024-02-24,DEBIT,Utility Bill,407.71,0.0
2024-02-25,CREDIT,Grocery Store,0.0,1145.1
2024-02-25,CREDIT,Travel Expense,0.0,405.32
2024-02-25,CREDIT,Salary Deposit,0.0,1178.9
2024-02-26,DEBIT,Interest Earned,291.16,0.0
2024-02-26,CREDIT,Rent Payment,0.0,1979.18
2024-02-26,CREDIT,Travel Expense,0.0,45.67
2024-02-27,CREDIT,Bank Fee,0.0,475.55
2024-02-27,DEBIT,Insurance Premium,471.49,0.0
2024-02-27,DEBIT,Tax Refund,357.55,0.0
2024-02-28,CREDIT,Education Expense,0.0,1279.43
2024-02-28,CREDIT,Online Purchase,0.0,66.48
2024-02-28,CREDIT,Salary Deposit,0.0,1831.74
2024-02-29,DEBIT,Tax Refund,485.73,0.0
2024-02-29,DEBIT,Travel Expense,93.68,0.0
2024-02-29,DEBIT,Credit Card Payment,344.14,0.0
2024-03-01,CREDIT,Salary Deposit,0.0,1913.22
2024-03-01,CREDIT,Travel Expense,0.0,875.25
2024-03-01,CREDIT,Online Purchase,0.0,1715.58
2024-03-02,CREDIT,Credit Card Payment,0.0,1557.59
2024-03-02,CREDIT,Insurance Premium,0.0,83.45
2024-03-02,CREDIT,Medical Expense,0.0,799.31
2024-03-03,CREDIT,Online Purchase,0.0,392.46
2024-03-03,DEBIT,Credit Card Payment,49.13,0.0
2024-03-03,DEBIT,Tax Refund,279.04,0.0
2024-03-04,DEBIT,Bank Fee,278.09,0.0
2024-03-04,DEBIT,Credit Card Payment,305.04,0.0
2024-03-04,DEBIT,Education Expense,401.99,0.0
2024-03-05,CREDIT,Utility Bill,0.0,1842.81
2024-03-05,DEBIT,Shopping,418.67,0.0
2024-03-05,CREDIT,Education Expense,0.0,744.68
2024-03-06,DEBIT,Travel Expense,456.95,0.0
2024-03-06,CREDIT,Insurance Premium,0.0,1127.08
2024-03-06,CREDIT,Grocery Store,0.0,1268.45
2024-03-07,CREDIT,Rent Payment,0.0,1222.02
2024-03-07,DEBIT,Utility Bill,28.87,0.0
2024-03-07,CREDIT,Medical Expense,0.0,347.76
2024-03-08,DEBIT,Freelance Work,458.65,0.0
2024-03-08,DEBIT,Grocery Store,445.04,0.0
2024-03-08,CREDIT,Interest Earned,0.0,208.72
2024-03-09,CREDIT,Medical Expense,0.0,1508.97
2024-03-09,DEBIT,Salary Deposit,220.86,0.0
2024-03-09,DEBIT,Credit Card Payment,45.51,0.0
2024-03-10,DEBIT,Rent Payment,483.19,0.0
2024-03-10,CREDIT,Rent Payment,0.0,280.72
2024-03-10,CREDIT,ATM Withdrawal,0.0,1623.67
2024-03-11,DEBIT,Shopping,259.97,0.0
2024-03-11,DEBIT,Medical Expense,246.21,0.0
2024-03-11,DEBIT,Salary Deposit,227.65,0.0
2024-03-12,DEBIT,Insurance Premium,368.63,0.0
2024-03-12,DEBIT,Freelance Work,159.39,0.0
2024-03-12,DEBIT,Online Purchase,9.94,0.0
2024-03-13,DEBIT,Education Expense,316.01,0.0
2024-03-13,DEBIT,Online Purchase,196.94,0.0
2024-03-13,DEBIT,Bank Fee,301.76,0.0
2024-03-14,DEBIT,Tax Refund,444.84,0.0
2024-03-14,CREDIT,Medical Expense,0.0,966.99
2024-03-14,CREDIT,Grocery Store,0.0,1820.77
2024-03-15,CREDIT,Interest Earned,0.0,53.85
2024-03-15,DEBIT,Grocery Store,293.96,0.0
2024-03-15,CREDIT,Restaurant,0.0,344.12
2024-03-16,DEBIT,Travel Expense,234.15,0.0
2024-03-16,DEBIT,ATM Withdrawal,151.43,0.0
2024-03-16,DEBIT,Bank Fee,168.23,0.0
2024-03-17,DEBIT,Investment Income,269.97,0.0
2024-03-17,CREDIT,Tax Refund,0.0,1999.13
2024-03-17,CREDIT,Bank Fee,0.0,1955.49
2024-03-18,CREDIT,ATM Withdrawal,0.0,782.99
2024-03-18,CREDIT,Credit Card Payment,0.0,259.6
2024-03-18,CREDIT,Medical Expense,0.0,829.45
2024-03-19,DEBIT,Entertainment,205.06,0.0
2024-03-19,CREDIT,Credit Card Payment,0.0,262.21
2024-03-19,DEBIT,Online Purchase,408.2,0.0
2024-03-20,DEBIT,Freelance Work,246.12,0.0
2024-03-20,DEBIT,Bank Fee,80.34,0.0
2024-03-20,CREDIT,ATM Withdrawal,0.0,97.49
2024-03-21,DEBIT,ATM Withdrawal,71.84,0.0
2024-03-21,DEBIT,Bank Fee,241.69,0.0
2024-03-21,DEBIT,Entertainment,199.44,0.0
2024-03-22,CREDIT,Interest Earned,0.0,1327.27
2024-03-22,CREDIT,Insurance Premium,0.0,1351.53
2024-03-22,DEBIT,Freelance Work,438.45,0.0
2024-03-23,CREDIT,Education Expense,0.0,1359.38
2024-03-23,CREDIT,Utility Bill,0.0,441.18
2024-03-23,DEBIT,Insurance Premium,232.98,0.0
2024-03-24,CREDIT,Education Expense,0.0,1103.81
2024-03-24,CREDIT,Medical Expense,0.0,1734.97
2024-03-24,DEBIT,Entertainment,92.26,0.0
2024-03-25,DEBIT,ATM Withdrawal,112.52,0.0
2024-03-25,DEBIT,Medical Expense,339.34,0.0
2024-03-25,CREDIT,Medical Expense,0.0,1498.1
2024-03-26,CREDIT,Insurance Premium,0.0,1670.09
2024-03-26,CREDIT,Utility Bill,0.0,1965.22
2024-03-26,DEBIT,Interest Earned,491.92,0.0
2024-03-27,CREDIT,Interest Earned,0.0,1827.07
2024-03-27,CREDIT,Tax Refund,0.0,566.7
2024-03-27,CREDIT,Utility Bill,0.0,1902.18
2024-03-28,DEBIT,Interest Earned,361.95,0.0
2024-03-28,DEBIT,Grocery Store,300.72,0.0
2024-03-28,DEBIT,Online Purchase,75.71,0.0
2024-03-29,CREDIT,Rent Payment,0.0,1348.86
2024-03-29,CREDIT,Entertainment,0.0,1119.45
2024-03-29,CREDIT,Rent Payment,0.0,667.19
2024-03-30,DEBIT,Insurance Premium,481.81,0.0
2024-03-30,DEBIT,Rent Payment,416.94,0.0
2024-03-30,CREDIT,Bank Fee,0.0,365.12
2024-03-31,DEBIT,Insurance Premium,355.47,0.0
2024-03-31,DEBIT,Interest Earned,187.49,0.0
2024-03-31,DEBIT,Insurance Premium,17.01,0.0
2024-04-01,DEBIT,Gas Station,406.94,0.0
2024-04-01,CREDIT,Grocery Store,0.0,1302.56
2024-04-01,CREDIT,Credit Card Payment,0.0,1504.41
2024-04-02,CREDIT,Freelance Work,0.0,426.42
2024-04-02,CREDIT,Online Purchase,0.0,1653.19
2024-04-02,DEBIT,Salary Deposit,105.98,0.0
2024-04-03,DEBIT,Shopping,191.7,0.0
2024-04-03,DEBIT,Online Purchase,118.07,0.0
2024-04-03,CREDIT,Education Expense,0.0,480.9
2024-04-04,CREDIT,Investment Income,0.0,1420.82
2024-04-04,DEBIT,Utility Bill,179.92,0.0
2024-04-04,DEBIT,Medical Expense,279.26,0.0
2024-04-05,DEBIT,ATM Withdrawal,473.43,0.0
2024-04-05,DEBIT,Entertainment,361.42,0.0
2024-04-05,CREDIT,Travel Expense,0.0,1631.55
2024-04-06,DEBIT,Entertainment,276.38,0.0
2024-04-06,DEBIT,Tax Refund,447.01,0.0
2024-04-06,DEBIT,ATM Withdrawal,475.53,0.0
2024-04-07,DEBIT,Utility Bill,392.7,0.0
2024-04-07,CREDIT,Shopping,0.0,857.81
2024-04-07,CREDIT,Investment Income,0.0,1554.47
2024-04-08,DEBIT,Education Expense,158.13,0.0
2024-04-08,CREDIT,Medical Expense,0.0,1016.51
2024-04-08,DEBIT,Shopping,143.29,0.0
2024-04-09,CREDIT,Online Purchase,0.0,1018.71
2024-04-09,DEBIT,Medical Expense,347.58,0.0
2024-04-09,DEBIT,Gas Station,473.46,0.0
2024-04-10,CREDIT,Entertainment,0.0,721.05
2024-04-10,DEBIT,Restaurant,222.49,0.0
2024-04-10,DEBIT,Rent Payment,399.51,0.0
2024-04-11,DEBIT,Credit Card Payment,247.55,0.0
2024-04-11,CREDIT,Salary Deposit,0.0,87.04
2024-04-11,CREDIT,Tax Refund,0.0,655.86
2024-04-12,DEBIT,Medical Expense,132.09,0.0
2024-04-12,DEBIT,Investment Income,234.04,0.0
2024-04-12,CREDIT,ATM Withdrawal,0.0,449.86
2024-04-13,CREDIT,Tax Refund,0.0,547.58
2024-04-13,CREDIT,Grocery Store,0.0,1734.5
2024-04-13,CREDIT,Medical Expense,0.0,33.23
2024-04-14,CREDIT,Investment Income,0.0,222.23
2024-04-14,DEBIT,Insurance Premium,495.01,0.0
2024-04-14,CREDIT,Bank Fee,0.0,117.59
2024-04-15,DEBIT,Freelance Work,321.56,0.0
2024-04-15,DEBIT,Travel Expense,248.75,0.0
2024-04-15,DEBIT,Entertainment,197.98,0.0
2024-04-16,CREDIT,Online Purchase,0.0,1081.62
2024-04-16,CREDIT,Interest Earned,0.0,288.13
2024-04-16,CREDIT,Utility Bill,0.0,592.0
2024-04-17,CREDIT,Interest Earned,0.0,375.4
2024-04-17,CREDIT,Interest Earned,0.0,1818.78
2024-04-17,CREDIT,Restaurant,0.0,1896.81
2024-04-18,CREDIT,Bank Fee,0.0,484.87
2024-04-18,DEBIT,Credit Card Payment,422.25,0.0
2024-04-18,CREDIT,Interest Earned,0.0,1539.99
2024-04-19,DEBIT,Restaurant,239.73,0.0
2024-04-19,CREDIT,Restaurant,0.0,411.95
2024-04-19,DEBIT,Medical Expense,287.28,0.0
2024-04-20,DEBIT,Bank Fee,494.94,0.0
2024-04-20,CREDIT,Bank Fee,0.0,457.24
2024-04-20,CREDIT,Utility Bill,0.0,922.94
2024-04-21,DEBIT,Tax Refund,435.79,0.0
2024-04-21,CREDIT,Utility Bill,0.0,534.73
2024-04-21,DEBIT,Investment Income,256.73,0.0
2024-04-22,CREDIT,ATM Withdrawal,0.0,1189.97
2024-04-22,DEBIT,ATM Withdrawal,372.78,0.0
2024-04-22,CREDIT,Tax Refund,0.0,1087.87
2024-04-23,CREDIT,Shopping,0.0,231.72
2024-04-23,DEBIT,Medical Expense,212.68,0.0
2024-04-23,CREDIT,ATM Withdrawal,0.0,1535.98
2024-04-24,CREDIT,Salary Deposit,0.0,366.43
2024-04-24,CREDIT,Education Expense,0.0,601.29
2024-04-24,CREDIT,Freelance Work,0.0,1766.03
2024-04-25,DEBIT,Interest Earned,48.44,0.0
2024-04-25,CREDIT,Travel Expense,0.0,1941.59
2024-04-25,DEBIT,Freelance Work,457.01,0.0
2024-04-26,CREDIT,Medical Expense,0.0,795.42
2024-04-26,DEBIT,Utility Bill,113.77,0.0
2024-04-26,DEBIT,Medical Expense,198.28,0.0
2024-04-27,CREDIT,Grocery Store,0.0,557.75
2024-04-27,DEBIT,Grocery Store,130.86,0.0
2024-04-27,DEBIT,Grocery Store,6.8,0.0
2024-04-28,CREDIT,Rent Payment,0.0,643.0
2024-04-28,DEBIT,Grocery Store,496.68,0.0
2024-04-28,CREDIT,Rent Payment,0.0,1730.91
2024-04-29,CREDIT,Online Purchase,0.0,538.27
2024-04-29,CREDIT,Tax Refund,0.0,269.15
2024-04-29,DEBIT,Insurance Premium,375.01,0.0
2024-04-30,CREDIT,Education Expense,0.0,121.44
2024-04-30,DEBIT,Restaurant,89.92,0.0
2024-04-30,DEBIT,Utility Bill,98.82,0.0
2024-05-01,CREDIT,Credit Card Payment,0.0,178.93
2024-05-01,CREDIT,Education Expense,0.0,40.25
2024-05-01,DEBIT,Bank Fee,434.98,0.0
2024-05-02,CREDIT,Grocery Store,0.0,1422.58
2024-05-02,DEBIT,Entertainment,111.27,0.0
2024-05-02,DEBIT,Salary Deposit,214.99,0.0
2024-05-03,DEBIT,Freelance Work,404.41,0.0
2024-05-03,DEBIT,Grocery Store,361.41,0.0
2024-05-03,DEBIT,Salary Deposit,221.97,0.0
2024-05-04,DEBIT,Medical Expense,43.07,0.0
2024-05-04,CREDIT,Entertainment,0.0,758.33
2024-05-04,CREDIT,Interest Earned,0.0,1764.4
2024-05-05,DEBIT,Medical Expense,42.22,0.0
2024-05-05,CREDIT,ATM Withdrawal,0.0,1362.46
2024-05-05,CREDIT,Salary Deposit,0.0,858.44
2024-05-06,CREDIT,Credit Card Payment,0.0,288.88
2024-05-06,DEBIT,Travel Expense,275.77,0.0
2024-05-06,DEBIT,Investment Income,368.71,0.0
2024-05-07,DEBIT,Tax Refund,295.49,0.0
2024-05-07,CREDIT,Gas Station,0.0,1729.29
2024-05-07,CREDIT,Freelance Work,0.0,1561.09
2024-05-08,CREDIT,Entertainment,0.0,351.36
2024-05-08,CREDIT,Education Expense,0.0,697.48
2024-05-08,DEBIT,Rent Payment,490.4,0.0
2024-05-09,CREDIT,Restaurant,0.0,1315.17
2024-05-09,DEBIT,Medical Expense,204.02,0.0
2024-05-09,CREDIT,Insurance Premium,0.0,1557.48
2024-05-10,CREDIT,Shopping,0.0,1106.89
2024-05-10,CREDIT,Utility Bill,0.0,620.3
2024-05-10,DEBIT,Utility Bill,290.74,0.0
2024-05-11,CREDIT,Restaurant,0.0,1940.18
2024-05-11,CREDIT,Tax Refund,0.0,28.16
2024-05-11,CREDIT,Utility Bill,0.0,840.39
2024-05-12,DEBIT,Investment Income,420.07,0.0
2024-05-12,DEBIT,Tax Refund,448.91,0.0
2024-05-12,DEBIT,Insurance Premium,170.62,0.0
2024-05-13,DEBIT,Medical Expense,439.46,0.0
2024-05-13,CREDIT,Shopping,0.0,821.51
2024-05-13,CREDIT,Medical Expense,0.0,1747.8
2024-05-14,DEBIT,Interest Earned,262.69,0.0
2024-05-14,DEBIT,Education Expense,97.42,0.0
2024-05-14,DEBIT,ATM Withdrawal,313.47,0.0
2024-05-15,CREDIT,Entertainment,0.0,733.44
2024-05-15,DEBIT,Investment Income,328.9,0.0
2024-05-15,CREDIT,Freelance Work,0.0,1276.95
2024-05-16,CREDIT,Restaurant,0.0,167.2
2024-05-16,CREDIT,Interest Earned,0.0,1726.36
2024-05-16,DEBIT,Gas Station,106.16,0.0
2024-05-17,CREDIT,Insurance Premium,0.0,703.72
2024-05-17,DEBIT,Freelance Work,428.76,0.0
2024-05-17,CREDIT,Shopping,0.0,739.48
2024-05-18,CREDIT,Medical Expense,0.0,521.17
2024-05-18,CREDIT,ATM Withdrawal,0.0,1161.4
2024-05-18,DEBIT,Interest Earned,466.59,0.0
2024-05-19,CREDIT,Salary Deposit,0.0,418.58
2024-05-19,DEBIT,Freelance Work,487.24,0.0
2024-05-19,CREDIT,Entertainment,0.0,1277.48
2024-05-20,DEBIT,Medical Expense,377.52,0.0
2024-05-20,DEBIT,Interest Earned,87.98,0.0
2024-05-20,DEBIT,Freelance Work,39.99,0.0
2024-05-21,CREDIT,Travel Expense,0.0,1844.35
2024-05-21,DEBIT,Freelance Work,368.63,0.0
2024-05-21,CREDIT,Rent Payment,0.0,775.53
2024-05-22,DEBIT,Bank Fee,364.18,0.0
2024-05-22,CREDIT,Rent Payment,0.0,1800.47
2024-05-22,DEBIT,Medical Expense,69.41,0.0
2024-05-23,CREDIT,Utility Bill,0.0,1520.48
2024-05-23,DEBIT,Freelance Work,91.3,0.0
2024-05-23,CREDIT,Education Expense,0.0,949.66
2024-05-24,CREDIT,Utility Bill,0.0,1255.55
2024-05-24,DEBIT,Insurance Premium,219.02,0.0
2024-05-24,CREDIT,Gas Station,0.0,1772.27
2024-05-25,DEBIT,Travel Expense,53.7,0.0
2024-05-25,DEBIT,Salary Deposit,341.82,0.0
2024-05-25,DEBIT,Travel Expense,484.09,0.0
2024-05-26,DEBIT,Education Expense,70.7,0.0
2024-05-26,DEBIT,Travel Expense,348.0,0.0
2024-05-26,CREDIT,Medical Expense,0.0,754.44
2024-05-27,DEBIT,Freelance Work,177.62,0.0
2024-05-27,DEBIT,Gas Station,182.72,0.0
2024-05-27,DEBIT,Interest Earned,69.0,0.0
2024-05-28,DEBIT,Entertainment,442.03,0.0
2024-05-28,DEBIT,Credit Card Payment,39.81,0.0
2024-05-28,CREDIT,Freelance Work,0.0,1100.31
2024-05-29,CREDIT,Gas Station,0.0,1571.57
2024-05-29,DEBIT,Insurance Premium,354.87,0.0
2024-05-29,CREDIT,ATM Withdrawal,0.0,711.98
2024-05-30,CREDIT,Travel Expense,0.0,1820.22
2024-05-30,DEBIT,ATM Withdrawal,42.98,0.0
2024-05-30,CREDIT,Rent Payment,0.0,1388.98
2024-05-31,DEBIT,Interest Earned,93.32,0.0
2024-05-31,CREDIT,Shopping,0.0,792.26
2024-05-31,CREDIT,Credit Card Payment,0.0,1185.68
2024-06-01,CREDIT,ATM Withdrawal,0.0,1080.52
2024-06-01,CREDIT,Travel Expense,0.0,777.24
2024-06-01,CREDIT,Interest Earned,0.0,1671.76
2024-06-02,CREDIT,Interest Earned,0.0,816.17
2024-06-02,CREDIT,Investment Income,0.0,965.65
2024-06-02,DEBIT,Travel Expense,440.89,0.0
2024-06-03,CREDIT,Rent Payment,0.0,429.44
2024-06-03,DEBIT,Credit Card Payment,184.36,0.0
2024-06-03,CREDIT,Utility Bill,0.0,1518.64
2024-06-04,DEBIT,Medical Expense,83.7,0.0
2024-06-04,CREDIT,Shopping,0.0,1333.86
2024-06-04,DEBIT,Utility Bill,416.01,0.0
2024-06-05,CREDIT,Online Purchase,0.0,1901.46
2024-06-05,DEBIT,Rent Payment,305.48,0.0
2024-06-05,DEBIT,Shopping,178.25,0.0
2024-06-06,CREDIT,Rent Payment,0.0,1524.91
2024-06-06,CREDIT,Investment Income,0.0,665.42
2024-06-06,DEBIT,Credit Card Payment,14.17,0.0
2024-06-07,CREDIT,Grocery Store,0.0,1893.66
2024-06-07,DEBIT,Medical Expense,375.78,0.0
2024-06-07,DEBIT,Education Expense,48.68,0.0
2024-06-08,CREDIT,Grocery Store,0.0,1452.23
2024-06-08,CREDIT,Utility Bill,0.0,819.38
2024-06-08,DEBIT,Utility Bill,292.45,0.0
2024-06-09,CREDIT,Grocery Store,0.0,1329.72
2024-06-09,CREDIT,Bank Fee,0.0,1255.63
2024-06-09,CREDIT,Education Expense,0.0,289.46
2024-06-10,CREDIT,Freelance Work,0.0,619.25
2024-06-10,CREDIT,Bank Fee,0.0,283.7
2024-06-10,CREDIT,Freelance Work,0.0,569.95
2024-06-11,DEBIT,ATM Withdrawal,308.85,0.0
2024-06-11,CREDIT,Gas Station,0.0,1913.1
2024-06-11,DEBIT,Grocery Store,441.57,0.0
2024-06-12,DEBIT,Shopping,474.67,0.0
2024-06-12,CREDIT,ATM Withdrawal,0.0,118.52
2024-06-12,DEBIT,Shopping,301.15,0.0
2024-06-13,CREDIT,Interest Earned,0.0,1075.58
2024-06-13,CREDIT,Shopping,0.0,342.49
2024-06-13,CREDIT,Investment Income,0.0,579.61
2024-06-14,CREDIT,Utility Bill,0.0,1638.75
2024-06-14,DEBIT,Interest Earned,168.17,0.0
2024-06-14,DEBIT,Freelance Work,63.72,0.0
2024-06-15,CREDIT,Entertainment,0.0,411.4
2024-06-15,DEBIT,Shopping,303.03,0.0
2024-06-15,DEBIT,Salary Deposit,453.89,0.0
2024-06-16,DEBIT,Shopping,196.94,0.0
2024-06-16,CREDIT,Interest Earned,0.0,1557.64
2024-06-16,DEBIT,Medical Expense,110.06,0.0
2024-06-17,CREDIT,Insurance Premium,0.0,877.9
2024-06-17,DEBIT,Restaurant,14.0,0.0
2024-06-17,CREDIT,Interest Earned,0.0,1910.64
2024-06-18,CREDIT,Restaurant,0.0,1602.75
2024-06-18,DEBIT,Investment Income,287.96,0.0
2024-06-18,CREDIT,Insurance Premium,0.0,209.41
2024-06-19,DEBIT,Tax Refund,34.97,0.0
2024-06-19,CREDIT,Interest Earned,0.0,1153.93
2024-06-19,CREDIT,Restaurant,0.0,1948.18
2024-06-20,DEBIT,Credit Card Payment,104.72,0.0
2024-06-20,CREDIT,Education Expense,0.0,1809.65
2024-06-20,CREDIT,Insurance Premium,0.0,1570.8
2024-06-21,CREDIT,Credit Card Payment,0.0,1627.23
2024-06-21,DEBIT,ATM Withdrawal,137.06,0.0
2024-06-21,DEBIT,Salary Deposit,397.73,0.0
2024-06-22,DEBIT,Interest Earned,286.03,0.0
2024-06-22,CREDIT,Gas Station,0.0,1879.95
2024-06-22,CREDIT,Medical Expense,0.0,1730.63
2024-06-23,DEBIT,Travel Expense,396.93,0.0
2024-06-23,CREDIT,Freelance Work,0.0,1108.34
2024-06-23,DEBIT,Shopping,50.14,0.0
2024-06-24,CREDIT,Investment Income,0.0,1425.8
2024-06-24,CREDIT,Grocery Store,0.0,1230.95
2024-06-24,DEBIT,Tax Refund,474.87,0.0
2024-06-25,CREDIT,Medical Expense,0.0,837.84
2024-06-25,CREDIT,Entertainment,0.0,1930.86
2024-06-25,DEBIT,Shopping,474.95,0.0
2024-06-26,DEBIT,Shopping,307.51,0.0
2024-06-26,CREDIT,Utility Bill,0.0,918.45
2024-06-26,CREDIT,Insurance Premium,0.0,60.48
2024-06-27,DEBIT,Insurance Premium,467.82,0.0
2024-06-27,DEBIT,Restaurant,358.03,0.0
2024-06-27,DEBIT,Rent Payment,433.72,0.0
2024-06-28,DEBIT,Investment Income,412.8,0.0
2024-06-28,CREDIT,Entertainment,0.0,637.54
2024-06-28,CREDIT,Credit Card Payment,0.0,66.14
2024-06-29,CREDIT,Insurance Premium,0.0,573.77
2024-06-29,DEBIT,Gas Station,489.1,0.0
2024-06-29,CREDIT,Interest Earned,0.0,1693.61
2024-06-30,CREDIT,Medical Expense,0.0,1651.7
2024-06-30,DEBIT,Investment Income,52.62,0.0
2024-06-30,DEBIT,Utility Bill,311.17,0.0
2024-07-01,DEBIT,Entertainment,309.17,0.0
2024-07-01,DEBIT,Restaurant,160.13,0.0
2024-07-01,CREDIT,Education Expense,0.0,359.97
2024-07-02,DEBIT,Rent Payment,118.9,0.0
2024-07-02,DEBIT,ATM Withdrawal,119.27,0.0
2024-07-02,CREDIT,Investment Income,0.0,1002.06
2024-07-03,CREDIT,Gas Station,0.0,507.47
2024-07-03,CREDIT,Entertainment,0.0,1084.99
2024-07-03,DEBIT,Credit Card Payment,465.45,0.0
2024-07-04,CREDIT,Insurance Premium,0.0,214.91
2024-07-04,DEBIT,Interest Earned,362.4,0.0
2024-07-04,DEBIT,Rent Payment,359.83,0.0
2024-07-05,DEBIT,Salary Deposit,106.9,0.0
2024-07-05,CREDIT,Utility Bill,0.0,1738.38
2024-07-05,DEBIT,Rent Payment,265.57,0.0
2024-07-06,CREDIT,Salary Deposit,0.0,773.91
2024-07-06,CREDIT,Freelance Work,0.0,1926.4
2024-07-06,DEBIT,Shopping,316.79,0.0
2024-07-07,CREDIT,Gas Station,0.0,1465.13
2024-07-07,DEBIT,Rent Payment,272.01,0.0
2024-07-07,CREDIT,Rent Payment,0.0,1250.28
2024-07-08,DEBIT,Medical Expense,382.82,0.0
2024-07-08,CREDIT,ATM Withdrawal,0.0,615.94
2024-07-08,DEBIT,Entertainment,280.08,0.0
2024-07-09,CREDIT,Utility Bill,0.0,985.0
2024-07-09,DEBIT,Education Expense,387.94,0.0
2024-07-09,DEBIT,Interest Earned,370.89,0.0
2024-07-10,CREDIT,Interest Earned,0.0,166.14
2024-07-10,DEBIT,Tax Refund,107.11,0.0
